Workbook

Sheet Inventario
A1: 📦 INVENTARIO DE BODEGA
A2: ID | B2: Categoría | C2: Nombre del Ítem | D2: Descripción | E2: Stock Total | F2: En Uso | G2: Disponible | H2: En Reparación | I2: Unidad | J2: Ubicación | K2: Estado | L2: Última Actualización | M2: Notas
A3: H001 | B3: Herramientas | C3: Taladro percutor | D3: Bosch 800W | E3: 3 | F3: 1 | G3: =E3-F3-H3 -> 1 | H3: 1 | I3: Unid | J3: Estante A1 | K3: Parcial | L3: 46193 | M3: 1 en reparación
A4: H002 | B4: Herramientas | C4: Amoladora angular | D4: Makita 115mm | E4: 2 | F4: 2 | G4: =E4-F4-H4 -> 0 | H4: 0 | I4: Unid | J4: Estante A2 | K4: En uso | L4: 46198
A5: H003 | B5: Herramientas | C5: Cinta métrica 5m | D5: Stanley | E5: 5 | F5: 0 | G5: =E5-F5-H5 -> 5 | H5: 0 | I5: Unid | J5: Cajón B1 | K5: OK | L5: 46174
A6: I001 | B6: Insumos | C6: Tornillos 3/8" | D6: Acero galv. | E6: 200 | F6: 0 | G6: =E6-F6-H6 -> 200 | H6: 0 | I6: Unid | J6: Estante C1 | K6: OK | L6: 46188 | M6: Reponer cuando <50
A7: I002 | B7: Insumos | C7: Cinta aislante | D7: 3M negra | E7: 15 | F7: 0 | G7: =E7-F7-H7 -> 15 | H7: 0 | I7: Rollo | J7: Cajón C2 | K7: OK | L7: 46172
A8: I003 | B8: Insumos | C8: Pintura epóxica | D8: Blanco 1gl | E8: 4 | F8: 0 | G8: =E8-F8-H8 -> 4 | H8: 0 | I8: Galón | J8: Bodega D | K8: OK | L8: 46183
A9: E001 | B9: EPP | C9: Casco seguridad | D9: 3M blanco | E9: 10 | F9: 6 | G9: =E9-F9-H9 -> 4 | H9: 0 | I9: Unid | J9: Estante E1 | K9: OK | L9: 46191
A10: E002 | B10: EPP | C10: Guantes nitrilo | D10: Talla M | E10: 50 | F10: 0 | G10: =E10-F10-H10 -> 50 | H10: 0 | I10: Par | J10: Cajón E2 | K10: OK | L10: 46195 | M10: Stock mínimo 20
A11: E003 | B11: EPP | C11: Arnés seguridad | D11: Doble gancho | E11: 4 | F11: 2 | G11: =E11-F11-H11 -> 1 | H11: 1 | I11: Unid | J11: Estante E3 | K11: Parcial | L11: 46193 | M11: 1 en revisión
A12: R001 | B12: Repuestos | C12: Escobilla taladro | D12: Bosch universal | E12: 8 | F12: 0 | G12: =E12-F12-H12 -> 8 | H12: 0 | I12: Par | J12: Cajón F1 | K12: OK | L12: 46117
A13: R002 | B13: Repuestos | C13: Disco de corte | D13: 230mm metal | E13: 12 | F13: 0 | G13: =E13-F13-H13 -> 12 | H13: 0 | I13: Unid | J13: Estante F2 | K13: OK | L13: 46162

Sheet Movimientos
A1: 📋 REGISTRO DE MOVIMIENTOS
A2: Fecha | B2: ID Ítem | C2: Nombre Ítem | D2: Tipo | E2: Cantidad | F2: Responsable | G2: Destino/Origen | H2: Motivo | I2: Saldo Anterior
A3: 46193 | B3: H001 | C3: Taladro percutor | D3: SALIDA | E3: 1 | F3: Juan Pérez | G3: Obra Norte | H3: Trabajo en terreno | I3: 3
A4: 46193 | B4: H001 | C4: Taladro percutor | D4: SALIDA_REP | E4: 1 | F4: Juan Pérez | G4: Taller | H4: Falla de chuck | I4: 3
A5: 46195 | B5: E001 | C5: Casco seguridad | D5: SALIDA | E5: 6 | F5: María López | G5: Obra Sur | H5: Dotación equipo | I5: 10
A6: 46198 | B6: H002 | C6: Amoladora angular | D6: SALIDA | E6: 2 | F6: Carlos Ruiz | G6: Obra Norte | H6: Corte estructura | I6: 2
A7: 46188 | B7: I001 | C7: Tornillos 3/8" | D7: ENTRADA | E7: 100 | F7: Proveedor XYZ | G7: Bodega | H7: Reposición stock | I7: 100
A8: 46191 | B8: E003 | C8: Arnés seguridad | D8: SALIDA_REP | E8: 1 | F8: Pedro Soto | G8: Taller | H8: Revisión anual | I8: 4

Sheet Resumen
A1: 📊 RESUMEN DE INVENTARIO
A3: Total de ítems registrados | E3: =COUNTA(Inventario!A3:A1000) -> 11
A5: Ítems disponibles (OK) | E5: =COUNTIF(Inventario!K3:K1000,"OK") -> 8
A7: Ítems en uso | E7: =COUNTIF(Inventario!K3:K1000,"En uso") -> 1
A9: Ítems en reparación/Parcial | E9: =COUNTIF(Inventario!K3:K1000,"Parcial")+COUNTIF(Inventario!K3:K1000,"Crítico") -> 2
A11: Movimientos registrados | E11: =COUNTA(Movimientos!A3:A1000) -> 6
A15: Resumen por categoría
A16: Categoría | B16: Total Ítems | C16: Stock Total | D16: En Uso | E16: Disponible | F16: En Reparación
A17: Herramientas | B17: =COUNTIF(Inventario!B3:B1000,"Herramientas") -> 3 | C17: =SUMIF(Inventario!B3:B1000,"Herramientas",Inventario!E3:E1000) -> 10 | D17: =SUMIF(Inventario!B3:B1000,"Herramientas",Inventario!F3:F1000) -> 3 | E17: =SUMIF(Inventario!B3:B1000,"Herramientas",Inventario!G3:G1000) -> 6 | F17: =SUMIF(Inventario!B3:B1000,"Herramientas",Inventario!H3:H1000) -> 1
A18: Insumos | B18: =COUNTIF(Inventario!B3:B1000,"Insumos") -> 3 | C18: =SUMIF(Inventario!B3:B1000,"Insumos",Inventario!E3:E1000) -> 219 | D18: =SUMIF(Inventario!B3:B1000,"Insumos",Inventario!F3:F1000) -> 0 | E18: =SUMIF(Inventario!B3:B1000,"Insumos",Inventario!G3:G1000) -> 219 | F18: =SUMIF(Inventario!B3:B1000,"Insumos",Inventario!H3:H1000) -> 0
A19: EPP | B19: =COUNTIF(Inventario!B3:B1000,"EPP") -> 3 | C19: =SUMIF(Inventario!B3:B1000,"EPP",Inventario!E3:E1000) -> 64 | D19: =SUMIF(Inventario!B3:B1000,"EPP",Inventario!F3:F1000) -> 8 | E19: =SUMIF(Inventario!B3:B1000,"EPP",Inventario!G3:G1000) -> 55 | F19: =SUMIF(Inventario!B3:B1000,"EPP",Inventario!H3:H1000) -> 1
A20: Repuestos | B20: =COUNTIF(Inventario!B3:B1000,"Repuestos") -> 2 | C20: =SUMIF(Inventario!B3:B1000,"Repuestos",Inventario!E3:E1000) -> 20 | D20: =SUMIF(Inventario!B3:B1000,"Repuestos",Inventario!F3:F1000) -> 0 | E20: =SUMIF(Inventario!B3:B1000,"Repuestos",Inventario!G3:G1000) -> 20 | F20: =SUMIF(Inventario!B3:B1000,"Repuestos",Inventario!H3:H1000) -> 0

Sheet Instrucciones
A1: ℹ️ CÓMO USAR ESTE INVENTARIO
A3: ESTADOS VÁLIDOS
A4: OK | B4: Ítem disponible, en buen estado
A5: En uso | B5: Ítem fuera de bodega, en operación
A6: Parcial | B6: Parte del stock en uso o reparación
A7: Crítico | B7: Stock mínimo o daño severo
A9: TIPOS DE MOVIMIENTO
A10: ENTRADA | B10: Compra, devolución o reposición
A11: SALIDA | B11: Ítem enviado a obra o asignado
A12: SALIDA_REP | B12: Ítem enviado a reparación/mantención
A14: COLUMNAS CLAVE (Inventario)
A15: Stock Total | B15: Cantidad total de ese ítem que tienes
A16: En Uso | B16: Cuántos están actualmente fuera de bodega
A17: Disponible | B17: Se calcula automático: Total − En Uso − En Reparación
A18: En Reparación | B18: Cuántos están en taller o en revisión
A20: CONSEJOS
A21: 1. | B21: Cada vez que saques o ingreses un ítem, regístralo en la hoja Movimientos
A22: 2. | B22: Actualiza 'En Uso' y 'En Reparación' en la hoja Inventario
A23: 3. | B23: El bot de WhatsApp lee directamente este archivo — mantenlo actualizado
A24: 4. | B24: Guarda el archivo en una carpeta compartida (OneDrive, Google Drive, etc.)
